line_type,n_phases,maximum_current
singapore_1,1,289.99999878607235
singapore_2,1,415.0000006926211
singapore_3,1,519.9999982935848
singapore_4,1,830.0000013852422
singapore_5,1,1245.0000020778634
