line_type,n_phases,maximum_current
singapore_1,1,63.791430999999996
singapore_2,1,91.28773799999999
singapore_3,1,114.384635
singapore_4,1,182.57547599999998
singapore_5,1,273.863214
