line_type,row,col,resistance,reactance,capacitance
singapore_1,1,1,0.1589999997413,0.11500000064469999,0.0
singapore_2,1,1,0.07689999942549999,0.10499999967700001,0.0
singapore_3,1,1,0.0467999999482,0.0990000003867,0.0
singapore_4,1,1,0.0384500005192,0.052499999838500004,0.0
singapore_5,1,1,0.0256333326042,0.034999999354699995,0.0
