line_type,row,col,resistance,reactance,capacitance
singapore_1,1,1,0.098580197,0.071300143,0.0
singapore_2,1,1,0.047678095,0.06510013,0.0
singapore_3,1,1,0.029016058,0.061380123,0.0
singapore_4,1,1,0.023839048,0.032550065,0.0
singapore_5,1,1,0.015892698,0.021700043,0.0
