line_type,row,col,resistance,reactance,capacitance
singapore_1,1,1,0.0766335096359,0.1083299994686,0.0
singapore_3,1,1,0.1301559993649,0.1083299994686,0.0
